<application>
  <component name="FileTypeManager" version="18">
    <extensionMap>
      <mapping pattern="fd4776319d2b9b2c_0" type="AUTO_DETECTED" />
      <mapping ext="wxss" type="CSS" />
      <mapping pattern="index" type="PLAIN_TEXT" />
      <mapping pattern=".env.dev" type="PLAIN_TEXT" />
      <mapping ext="updaterprivilegedhelper" type="PLAIN_TEXT" />
      <mapping ext="command" type="PLAIN_TEXT" />
      <mapping ext="wpy" type="Vue.js" />
      <removed_mapping ext="mp4" approved="true" type="HTML" />
      <removed_mapping ext="postcss" approved="true" type="PostCSS" />
      <removed_mapping ext="postcss" approved="true" type="SCSS" />
      <removed_mapping ext="ttf" approved="true" type="PLAIN_TEXT" />
      <removed_mapping ext="wxml" approved="true" type="HTML" />
      <removed_mapping ext="wxss" approved="true" type="Less" />
    </extensionMap>
  </component>
</application>