<application>
  <component name="NodeJsLocalInterpreterManager">
    <local-interpreter path="/usr/local/bin/node">
      <version-cache last-modified="0" />
    </local-interpreter>
    <local-interpreter path="$USER_HOME$/.nvm/versions/node/v20.15.0/bin/node">
      <version-cache version="20.15.0" last-modified="1718887168000" />
    </local-interpreter>
    <local-interpreter path="/usr/local/Cellar/node/20.6.0/bin/node">
      <version-cache version="20.6.0" last-modified="1693989674778" />
    </local-interpreter>
    <local-interpreter path="$USER_HOME$/.nvm/versions/node/v18.20.3/bin/node">
      <version-cache version="18.20.3" last-modified="1716256766000" />
    </local-interpreter>
    <local-interpreter path="$USER_HOME$/.nvm/versions/node/v18.17.0/bin/node">
      <version-cache last-modified="0" />
    </local-interpreter>
    <local-interpreter path="$USER_HOME$/.nvm/versions/node/v16.20.1/bin/node">
      <version-cache version="16.20.1" last-modified="1687269792000" />
    </local-interpreter>
    <local-interpreter path="$USER_HOME$/.nvm/versions/node/v12.22.12/bin/node">
      <version-cache version="12.22.12" last-modified="1649145075000" />
    </local-interpreter>
    <local-interpreter path="$USER_HOME$/.nvm/versions/node/v11.15.0/bin/node">
      <version-cache version="11.15.0" last-modified="1556597838000" />
    </local-interpreter>
  </component>
</application>